{"episode_lengths": [96], "timestamps": [1536160623.094235], "episode_rewards": [61.70179859311357], "initial_reset_timestamp": 1536160618.0567436, "episode_types": ["t"]}