{"episode_rewards": [79.73060198036204], "timestamps": [1536160408.4563768], "episode_lengths": [96], "episode_types": ["t"], "initial_reset_timestamp": 1536160403.4414392}