{"episode_lengths": [96], "timestamps": [1536159110.4490654], "episode_rewards": [17.0], "initial_reset_timestamp": 1536159105.4257503, "episode_types": ["t"]}