{"episode_lengths": [96], "timestamps": [1536158388.6552076], "episode_rewards": [3.0], "initial_reset_timestamp": 1536158383.6328962, "episode_types": ["t"]}