{"episode_lengths": [96], "timestamps": [1536162074.5865846], "episode_rewards": [52.98418790932377], "initial_reset_timestamp": 1536162069.5203753, "episode_types": ["t"]}