{"episode_rewards": [65.23723989697112], "timestamps": [1536162049.458985], "episode_lengths": [96], "episode_types": ["t"], "initial_reset_timestamp": 1536162044.4828458}