{"episode_types": ["t"], "initial_reset_timestamp": 1536071438.2838466, "episode_rewards": [-1409.3821435803616], "timestamps": [1536071438.6605742], "episode_lengths": [8]}