{"episode_rewards": [81.48433027438594], "timestamps": [1536159496.491289], "episode_lengths": [96], "episode_types": ["t"], "initial_reset_timestamp": 1536159491.4916184}