{"episode_types": ["t"], "initial_reset_timestamp": 1536070582.497608, "episode_rewards": [-1258.5944307482291], "timestamps": [1536070582.815233], "episode_lengths": [7]}