{"episode_lengths": [96], "timestamps": [1536161320.8097045], "episode_rewards": [55.45481190676468], "initial_reset_timestamp": 1536161315.7998374, "episode_types": ["t"]}