{"initial_reset_timestamp": 1534502872.3842058, "episode_types": ["t", "t", "t", "t", "t", "t", "t", "t", "t", "t", "t", "t", "t", "t", "t", "t", "t", "t", "t", "t", "t", "t", "t", "t", "t", "t", "t", "t", "t", "t", "t", "t", "t", "t", "t", "t", "t", "t", "t", "t", "t", "t", "t", "t", "t", "t", "t", "t", "t", "t", "t", "t", "t", "t", "t", "t", "t", "t", "t", "t", "t", "t", "t", "t", "t", "t", "t", "t", "t", "t", "t", "t", "t", "t", "t", "t", "t", "t", "t", "t", "t", "t", "t", "t", "t", "t", "t", "t", "t", "t", "t", "t", "t", "t", "t", "t", "t", "t", "t", "t", "t", "t", "t", "t", "t", "t", "t", "t", "t", "t", "t", "t", "t", "t", "t", "t", "t", "t", "t", "t", "t", "t", "t", "t", "t", "t", "t", "t", "t", "t", "t", "t", "t", "t", "t", "t", "t", "t", "t", "t", "t", "t", "t", "t", "t", "t", "t", "t", "t", "t", "t", "t", "t", "t", "t", "t", "t", "t", "t", "t", "t", "t", "t", "t", "t", "t", "t", "t", "t", "t", "t", "t", "t", "t", "t", "t", "t", "t", "t", "t", "t", "t", "t", "t", "t", "t", "t", "t", "t", "t", "t", "t", "t", "t", "t", "t", "t", "t", "t", "t", "t", "t", "t", "t", "t", "t", "t", "t", "t", "t"], "episode_rewards": [-2705.58151240738, -2705.58151240738, -2705.58151240738, -2705.58151240738, -2705.58151240738, -2705.58151240738, -2705.58151240738, -2705.58151240738, -2705.58151240738, -2705.58151240738, -2705.58151240738, -2705.58151240738, -2705.58151240738, -2705.58151240738, -2705.58151240738, -2705.58151240738, -2705.58151240738, -2705.58151240738, -2705.58151240738, -2705.58151240738, -2705.58151240738, -2705.58151240738, -2705.58151240738, -2705.58151240738, -2705.58151240738, -2705.58151240738, -2705.58151240738, -2705.58151240738, -2705.58151240738, -2705.58151240738, -2705.58151240738, -2705.58151240738, -2705.58151240738, -2705.58151240738, -2705.58151240738, -2705.58151240738, -2705.58151240738, -2705.58151240738, -2705.58151240738, -2705.58151240738, -2705.58151240738, -2705.58151240738, -2705.58151240738, -2705.58151240738, -2705.58151240738, -2705.58151240738, -2705.58151240738, -2705.58151240738, -2705.58151240738, -2705.58151240738, -2705.58151240738, -2705.58151240738, -2705.58151240738, -2705.58151240738, -2705.58151240738, -2705.58151240738, -2705.58151240738, -2705.58151240738, -2705.58151240738, -2705.58151240738, -2705.58151240738, -2705.58151240738, -2705.58151240738, -2705.58151240738, -2705.58151240738, -2705.58151240738, -2705.58151240738, -2705.58151240738, -2705.58151240738, -2705.58151240738, -2705.58151240738, -2705.58151240738, -2705.58151240738, -2705.58151240738, -2705.58151240738, -2705.58151240738, -2705.58151240738, -2705.58151240738, -2705.58151240738, -2705.58151240738, -2705.58151240738, -2705.58151240738, -2705.58151240738, -2705.58151240738, -2705.58151240738, -2705.58151240738, -2705.58151240738, -2705.58151240738, -2705.58151240738, -2705.58151240738, -2705.58151240738, -2705.58151240738, -2705.58151240738, -2705.58151240738, -2705.58151240738, -2705.58151240738, -2705.58151240738, -2705.58151240738, -2705.58151240738, -2705.58151240738, -2705.58151240738, -2705.58151240738, -2705.58151240738, -2705.58151240738, -2705.58151240738, -2705.58151240738, -2705.58151240738, -2705.58151240738, -2705.58151240738, -2705.58151240738, -2705.58151240738, -2705.58151240738, -2705.58151240738, -2705.58151240738, -2705.58151240738, -2705.58151240738, -2705.58151240738, -2705.58151240738, -2705.58151240738, -2705.58151240738, -2705.58151240738, -2705.58151240738, -2705.58151240738, -2705.58151240738, -2705.58151240738, -2705.58151240738, -2705.58151240738, -2705.58151240738, -2705.58151240738, -2705.58151240738, -2705.58151240738, -2705.58151240738, -2705.58151240738, -2705.58151240738, -2705.58151240738, -2705.58151240738, -2705.58151240738, -2705.58151240738, -2705.58151240738, -2705.58151240738, -2705.58151240738, -2705.58151240738, -2705.58151240738, -2705.58151240738, -2705.58151240738, -2705.58151240738, -2705.58151240738, -2705.58151240738, -2705.58151240738, -2705.58151240738, -2705.58151240738, -2705.58151240738, -2705.58151240738, -2705.58151240738, -2705.58151240738, -2705.58151240738, -2705.58151240738, -2705.58151240738, -2705.58151240738, -2705.58151240738, -2705.58151240738, -2705.58151240738, -2705.58151240738, -2705.58151240738, -2705.58151240738, -2705.58151240738, -2705.58151240738, -2705.58151240738, -2705.58151240738, -2705.58151240738, -2705.58151240738, -2705.58151240738, -2705.58151240738, -2705.58151240738, -2705.58151240738, -2705.58151240738, -2705.58151240738, -2705.58151240738, -2705.58151240738, -2705.58151240738, -2705.58151240738, -2705.58151240738, -2705.58151240738, -2705.58151240738, -2705.58151240738, -2705.58151240738, -2705.58151240738, -2705.58151240738, -2705.58151240738, -2705.58151240738, -2705.58151240738, -2705.58151240738, -2705.58151240738, -2705.58151240738, -2705.58151240738, -2705.58151240738, -2705.58151240738, -2705.58151240738, -2705.58151240738, -2705.58151240738, -2705.58151240738, -2705.58151240738, -2705.58151240738, -2705.58151240738, -2705.58151240738, -2705.58151240738, -2705.58151240738, -2705.58151240738, -2705.58151240738, -2705.58151240738], "episode_lengths": [48, 48, 48, 48, 48, 48, 48, 48, 48, 48, 48, 48, 48, 48, 48, 48, 48, 48, 48, 48, 48, 48, 48, 48, 48, 48, 48, 48, 48, 48, 48, 48, 48, 48, 48, 48, 48, 48, 48, 48, 48, 48, 48, 48, 48, 48, 48, 48, 48, 48, 48, 48, 48, 48, 48, 48, 48, 48, 48, 48, 48, 48, 48, 48, 48, 48, 48, 48, 48, 48, 48, 48, 48, 48, 48, 48, 48, 48, 48, 48, 48, 48, 48, 48, 48, 48, 48, 48, 48, 48, 48, 48, 48, 48, 48, 48, 48, 48, 48, 48, 48, 48, 48, 48, 48, 48, 48, 48, 48, 48, 48, 48, 48, 48, 48, 48, 48, 48, 48, 48, 48, 48, 48, 48, 48, 48, 48, 48, 48, 48, 48, 48, 48, 48, 48, 48, 48, 48, 48, 48, 48, 48, 48, 48, 48, 48, 48, 48, 48, 48, 48, 48, 48, 48, 48, 48, 48, 48, 48, 48, 48, 48, 48, 48, 48, 48, 48, 48, 48, 48, 48, 48, 48, 48, 48, 48, 48, 48, 48, 48, 48, 48, 48, 48, 48, 48, 48, 48, 48, 48, 48, 48, 48, 48, 48, 48, 48, 48, 48, 48, 48, 48, 48, 48, 48, 48, 48, 48, 48, 48],