{"episode_rewards": [-1550.8664940092106], "timestamps": [1536157018.6522644], "episode_lengths": [8], "episode_types": ["t"], "initial_reset_timestamp": 1536157018.2852488}