{"episode_rewards": [-1419.750541655021], "timestamps": [1536156008.2712607], "episode_lengths": [8], "episode_types": ["t"], "initial_reset_timestamp": 1536156007.9061654}