Entropy,MaxReturn,MeanKL,StdReturn,MinReturn,Perplexity,AverageDiscountedReturn,MaxKL,NumTrajs,AveragePolicyStd,Iteration,LossAfter,AverageReturn,LossBefore,ExplainedVariance
2.11208571376,44.6145146744,0.03269549498587372,8.50001865669,1.87986166941,8.26546270824,2.88123664957,0.03402817438400785,53,2.0,0,0.012601209511759403,8.80167054753,0.03902074240044236,4.80872797137e-09
2.11308570971,56.7809915839,0.0028839635130321964,15.5355434387,2.37168882324,8.27373227154,3.73993318934,0.003186583770544482,53,2.00200099222,1,0.020263995824310276,25.0347583685,0.02282197994304102,-7.07413149557
