{"episode_lengths": [8], "timestamps": [1536156753.9434114], "episode_rewards": [-1482.34767679294], "initial_reset_timestamp": 1536156753.5806158, "episode_types": ["t"]}