{"initial_reset_timestamp": 1535374221.3310556, "episode_lengths": [96, 96, 96, 96, 96, 96, 96, 96, 96, 96, 96, 96, 96, 96, 96, 96, 96, 96, 96, 96, 96, 96, 96, 96, 96, 96, 96, 96, 96, 96, 96, 96, 96, 96, 96, 96, 96, 96, 96, 96, 96, 96, 96, 96, 96, 96, 96, 96, 96, 96, 96, 96, 96, 96, 96, 96, 96, 96, 96, 96, 96, 96, 96, 96, 96, 96, 96, 96, 96, 96, 96, 96, 96, 96, 96, 96, 96, 96, 96, 96, 96, 96, 96, 96, 96, 96, 96, 96, 96, 96, 96, 96, 96, 96, 96, 96, 96, 96, 96, 96, 96, 96, 96, 96, 96, 96], "timestamps": [1535374221.4746108, 1535374221.6191518, 1535374221.7581623, 1535374221.8961635, 1535374222.0344107, 1535374222.169271, 1535374222.306511, 1535374222.4446566, 1535374222.5983958, 1535374222.7810645, 1535374222.968028, 1535374223.1553915, 1535374223.3757899, 1535374223.5690298, 1535374223.7539637, 1535374223.9508696, 1535374224.1286008, 1535374224.244968, 1535374224.374542, 1535374224.547462, 1535374224.729256, 1535374224.909071, 1535374225.0865831, 1535374225.2446473, 1535374225.4429536, 1535374225.579822, 1535374225.6925662, 1535374225.8115537, 1535374225.9322503, 1535374226.0458841, 1535374226.1976876, 1535374226.3083014, 1535374226.4356, 1535374226.6239214, 1535374226.7902355, 1535374226.9114807, 1535374227.063813, 1535374227.1962311, 1535374227.3269064, 1535374227.478948, 1535374227.6347933, 1535374227.8462043, 1535374228.040235, 1535374228.1835198, 1535374228.3245053, 1535374228.4765275, 1535374228.6223006, 1535374228.8081503, 1535374229.0033596, 1535374229.2031596, 1535374229.3972363, 1535374229.587604, 1535374229.7845385, 1535374234.9405372, 1535374235.0936258, 1535374235.208954, 1535374235.3560016, 1535374235.4926898, 1535374235.6134717, 1535374235.765777, 1535374235.8979166, 1535374236.0103686, 1535374236.1183512, 1535374236.2302098, 1535374236.3615818, 1535374236.4997017, 1535374236.6958015, 1535374236.8882453, 1535374237.0292244, 1535374237.1401165, 1535374237.256812, 1535374237.3656023, 1535374237.472692, 1535374237.584905, 1535374237.698806, 1535374237.8694038, 1535374238.0211627, 1535374238.1669424, 1535374238.3117015, 1535374238.461935, 1535374238.613249, 1535374238.761749, 1535374238.9120312, 1535374239.0746047, 1535374239.2077312, 1535374239.3477864, 1535374239.4821105, 1535374239.617549, 1535374239.7540035, 1535374239.890385, 1535374240.0256991, 1535374240.1613634, 1535374240.2976584, 1535374240.4353275, 1535374240.5701795, 1535374240.7501273, 1535374240.8990269, 1535374241.0295787, 1535374241.1714249, 1535374241.3518002, 1535374241.4906807, 1535374241.6606057, 1535374241.8375285, 1535374241.9468102, 1535374242.06958, 1535374242.1780655], "episode_rewards": [2.67833362582213, 22.023234329232768, 2.4463435530675075, 7.121927038378915, 2.700386104235777, 10.960053642389589, 1.8974672575639107, 10.521751770071988, 5.14020250393689, 5.690485963409756, 3.0136310398058783, 7.576836977941296, 1.879861669408998, 12.133668302215717, 2.344633652272832, 2.966322851229438, 2.431824798333547, 26.394724816845333, 3.8113330035935964, 44.614514674430694, 4.788309125396249, 15.848478376936438, 20.253435313556192, 3.9085632340721, 2.3813665208624335, 4.803388467784761, 2.740430890161595, 6.542362978213577, 5.041532481185188, 3.6560312542862703, 8.603815275028305, 8.631761182590722, 2.049982123336238, 8.895404818126703, 8.462498114119514, 9.0814598469566, 18.58728571140971, 2.8354916819072336, 2.6168670468956363, 6.357748446673195, 13.258520942637817, 2.9832557114767404, 5.642291092368768, 3.66523783901697, 14.968614307210748, 4.656861442564992, 28.523839246375672, 23.377995763169718, 2.644887639737343, 2.1696515122741777, 3.1554876860674805, 18.257031613894064, 18.751113758544932, 22.605193152742853, 35.540215895026016, 27.240130505056428, 20.078495364660103, 56.7809915839195, 3.518928604714325, 37.861365987741905, 6.712519273866325, 2.37168882324261, 42.51769059631917, 20.059665579769504, 18.635834060647646, 16.450781703766847, 38.78118782113559, 10.814789682668787, 2.5879246000413567, 4.582712980159463, 9.515309219269275, 27.572039564036714, 32.19287290761626, 38.363472868356716, 14.31499809312209, 7.031084429688963, 12.656471549382674, 41.949523622499186, 49.48396011405455, 23.434141553877392, 4.775836926415895, 5.822959919051755, 35.10694339312202, 23.638518652391728, 56.208217832612355, 8.857584422153428, 54.43741055349003, 56.043118401164925, 37.65484082509883, 13.257106221121527, 43.27812869828603, 8.521915213058348, 9.286133255386487, 15.914682881664433, 35.14724404739802, 17.837725962352053, 39.217874015662936, 16.741397378005093, 43.21822206714131, 28.342030116837456, 30.69449403307398, 26.78804157958661, 22.613798349831157, 40.06202280816343, 10.879484678396063, 18.842471160528827], "episode_types": ["t", "t", "t", "t", "t", "t", "t", "t", "t", "t", "t", "t", "t", "t", "t", "t", "t", "t", "t", "t", "t", "t", "t", "t", "t", "t", "t", "t", "t", "t", "t", "t", "t", "t", "t", "t", "t", "t", "t", "t", "t", "t", "t", "t", "t", "t", "t", "t", "t", "t", "t", "t", "t", "t", "t", "t", "t", "t", "t", "t", "t", "t", "t", "t", "t", "t", "t", "t", "t", "t", "t", "t", "t", "t", "t", "t", "t", "t", "t", "t", "t", "t", "t", "t", "t", "t", "t", "t", "t", "t", "t", "t", "t", "t", "t", "t", "t", "t", "t", "t", "t", "t", "t", "t", "t", "t"]}