{"episode_rewards": [32.0], "timestamps": [1536158730.4370348], "episode_lengths": [96], "episode_types": ["t"], "initial_reset_timestamp": 1536158725.4279442}