{"episode_rewards": [68.64145591663859], "timestamps": [1536161178.7630396], "episode_lengths": [96], "episode_types": ["t"], "initial_reset_timestamp": 1536161173.764912}