{"episode_rewards": [25.0], "timestamps": [1536157783.9017284], "episode_lengths": [96], "episode_types": ["t"], "initial_reset_timestamp": 1536157778.887542}