{"episode_lengths": [96], "timestamps": [1536159842.4890518], "episode_rewards": [66.18621846269093], "initial_reset_timestamp": 1536159837.4730754, "episode_types": ["t"]}