{"episode_lengths": [8], "timestamps": [1536157622.9589746], "episode_rewards": [-1408.386659947898], "initial_reset_timestamp": 1536157622.5922666, "episode_types": ["t"]}